product_id,name_ar,name_en,category_ar,category_en,brand_ar,brand_en,size_ar,size_en,size_value,size_unit,price_egp,price_per_kg_or_l,in_stock,tags_en,tags_ar,alternative_id,description_ar,description_en
P001,لبن كامل الدسم,Full-Fat Milk,ألبان وبيض وأجبان,"Dairy, Eggs & Cheese",الدلتا فارم,Delta Farm,1 لتر,1 L,1000,ml,46,46.0,yes,local|fresh,محلي|طازج,,لبن بقري طازج كامل الدسم، مناسب للشرب وللطبخ والحلويات.,"Fresh full-fat cow's milk, good for drinking, cooking and desserts."
P002,لبن قليل الدسم,Low-Fat Milk,ألبان وبيض وأجبان,"Dairy, Eggs & Cheese",الدلتا فارم,Delta Farm,1 لتر,1 L,1000,ml,46,46.0,yes,local|fresh|low_fat,محلي|طازج|قليل الدسم,,لبن بقري طازج قليل الدسم لمن يتبعون نظاما غذائيا خفيفا.,Fresh low-fat cow's milk for a lighter diet.
P003,لبن خالٍ من اللاكتوز,Lactose-Free Milk,ألبان وبيض وأجبان,"Dairy, Eggs & Cheese",نيلي,Nili,1 لتر,1 L,1000,ml,78,78.0,no,lactose_free,خالٍ من اللاكتوز,P004,لبن بقري خالٍ من اللاكتوز لمن يعانون من حساسية اللاكتوز.,Lactose-free cow's milk for people with lactose intolerance.
P004,لبن صويا بدون سكر,Unsweetened Soy Milk,ألبان وبيض وأجبان,"Dairy, Eggs & Cheese",نيلي,Nili,1 لتر,1 L,1000,ml,85,85.0,yes,vegan|lactose_free|sugar_free,نباتي|خالٍ من اللاكتوز|بدون سكر,,مشروب صويا نباتي بدون سكر مضاف، بديل للبن الحيواني.,"Plant-based unsweetened soy drink, a dairy-free alternative to milk."
P005,زبادي طبيعي,Natural Yogurt,ألبان وبيض وأجبان,"Dairy, Eggs & Cheese",الدلتا فارم,Delta Farm,900 جرام,900 g,900,g,52,57.78,yes,local|fresh,محلي|طازج,,زبادي طبيعي كثيف القوام بدون إضافات، مناسب للإفطار والصلصات.,"Thick natural yogurt with no additives, good for breakfast and sauces."
P006,جبنة بيضاء فيتا,White Feta Cheese,ألبان وبيض وأجبان,"Dairy, Eggs & Cheese",الريف,El Reef,500 جرام,500 g,500,g,95,190.0,yes,local,محلي,,جبنة بيضاء مصرية طرية في عبوة مفرغة، مناسبة للإفطار والسلطات.,"Soft Egyptian white cheese in a sealed pack, good for breakfast and salads."
P007,جبنة رومي,Roumi Cheese,ألبان وبيض وأجبان,"Dairy, Eggs & Cheese",الريف,El Reef,250 جرام,250 g,250,g,120,480.0,yes,local,محلي,,جبنة رومي مصرية بنكهة قوية، تؤكل مع الخبز أو تُستخدم في الفطائر.,"Egyptian Roumi cheese with a sharp flavor, eaten with bread or used in pies."
P008,جبنة مثلثات,Cheese Triangles,ألبان وبيض وأجبان,"Dairy, Eggs & Cheese",الفرح,El Farah,8 قطعة,8 pcs,8,piece,38,,yes,best_seller,الأكثر مبيعا,,ثماني قطع من الجبن الكريمي المثلثات، مناسبة لسندوتشات الأطفال.,"Eight creamy cheese triangles, handy for kids' sandwiches."
P009,بيض أبيض (30 بيضة),White Eggs (tray of 30),ألبان وبيض وأجبان,"Dairy, Eggs & Cheese",حقول,Hoqool,30 قطعة,30 pcs,30,piece,150,,yes,local|fresh|best_seller,محلي|طازج|الأكثر مبيعا,,كرتونة بيض أبيض طازج، 30 بيضة.,A tray of 30 fresh white eggs.
P010,زبدة,Butter,ألبان وبيض وأجبان,"Dairy, Eggs & Cheese",الدلتا فارم,Delta Farm,200 جرام,200 g,200,g,85,425.0,yes,local,محلي,,زبدة طبيعية من القشدة، مناسبة للخبز والطبخ.,Natural cream butter for baking and cooking.
P011,أرز مصري,Egyptian Rice,أرز وبقوليات ومكرونة,"Rice, Pulses & Pasta",سنابل,Sanabel,1 كجم,1 kg,1000,g,42,42.0,yes,local|best_seller|gluten_free,محلي|الأكثر مبيعا|خالٍ من الجلوتين,,أرز مصري قصير الحبة، الأنسب للأرز المفلفل ومحشي ورق العنب والأرز باللبن.,"Short-grain Egyptian rice, ideal for pilaf, stuffed vine leaves and rice pudding."
P012,أرز بسمتي,Basmati Rice,أرز وبقوليات ومكرونة,"Rice, Pulses & Pasta",واحة,Waha,1 كجم,1 kg,1000,g,110,110.0,yes,gluten_free,خالٍ من الجلوتين,,أرز بسمتي طويل الحبة، مناسب للكبسة والمقلوبة والبرياني.,"Long-grain basmati rice, suitable for kabsa, maqluba and biryani."
P013,مكرونة إسباجتي,Spaghetti,أرز وبقوليات ومكرونة,"Rice, Pulses & Pasta",سنابل,Sanabel,400 جرام,400 g,400,g,17,42.5,yes,vegan,نباتي,,مكرونة إسباجتي من القمح الصلب، عبوة 400 جرام.,"Durum wheat spaghetti, 400 g pack."
P014,مكرونة قلم,Penne Pasta,أرز وبقوليات ومكرونة,"Rice, Pulses & Pasta",سنابل,Sanabel,400 جرام,400 g,400,g,17,42.5,yes,vegan,نباتي,,مكرونة قلم مناسبة للصلصات والمكرونة بالبشاميل.,Penne pasta for sauces and baked pasta.
P015,شعرية,Vermicelli,أرز وبقوليات ومكرونة,"Rice, Pulses & Pasta",سنابل,Sanabel,400 جرام,400 g,400,g,16,40.0,yes,vegan,نباتي,,شعرية رفيعة لتحضير الأرز بالشعرية والكشري والحلويات.,"Thin vermicelli for rice with vermicelli, koshari and desserts."
P016,عدس أصفر,Yellow Lentils,أرز وبقوليات ومكرونة,"Rice, Pulses & Pasta",حقول,Hoqool,500 جرام,500 g,500,g,38,76.0,yes,vegan|gluten_free,نباتي|خالٍ من الجلوتين,,عدس أصفر مجروش سريع النضج، مناسب لشوربة العدس.,"Split yellow lentils that cook quickly, ideal for lentil soup."
P017,عدس بجبة,Brown Lentils,أرز وبقوليات ومكرونة,"Rice, Pulses & Pasta",حقول,Hoqool,500 جرام,500 g,500,g,36,72.0,no,vegan|gluten_free,نباتي|خالٍ من الجلوتين,P016,عدس بني بقشرته، يُستخدم في الكشري والعدس بجبة.,Whole brown lentils used in koshari and traditional lentil dishes.
P018,فول حراتي مدمس,Dried Fava Beans,أرز وبقوليات ومكرونة,"Rice, Pulses & Pasta",حقول,Hoqool,1 كجم,1 kg,1000,g,60,60.0,yes,vegan|gluten_free,نباتي|خالٍ من الجلوتين,,فول جاف مناسب للفول المدمس بعد نقعه.,Dried fava beans for ful medames after soaking.
P019,حمص حب,Dried Chickpeas,أرز وبقوليات ومكرونة,"Rice, Pulses & Pasta",حقول,Hoqool,500 جرام,500 g,500,g,55,110.0,yes,vegan|gluten_free,نباتي|خالٍ من الجلوتين,,حمص حب جاف للحمص بالطحينة والشوربة.,Dried chickpeas for hummus and soups.
P020,فريك,Freekeh,أرز وبقوليات ومكرونة,"Rice, Pulses & Pasta",سنابل,Sanabel,500 جرام,500 g,500,g,75,150.0,yes,vegan,نباتي,,فريك قمح أخضر محمص، مناسب لحشو الحمام والشوربة.,"Roasted green wheat freekeh, good for stuffing pigeon and for soups."
P021,برغل ناعم,Fine Bulgur,أرز وبقوليات ومكرونة,"Rice, Pulses & Pasta",سنابل,Sanabel,500 جرام,500 g,500,g,30,60.0,yes,vegan,نباتي,,برغل ناعم مناسب للتبولة والكبة.,Fine bulgur for tabbouleh and kibbeh.
P022,زيت عباد الشمس,Sunflower Oil,زيوت وسمن وتوابل,"Oils, Ghee & Spices",واحة,Waha,1 لتر,1 L,1000,ml,85,85.0,yes,best_seller|vegan,الأكثر مبيعا|نباتي,,زيت عباد الشمس للقلي والطبخ اليومي.,Sunflower oil for frying and everyday cooking.
P023,زيت ذرة,Corn Oil,زيوت وسمن وتوابل,"Oils, Ghee & Spices",واحة,Waha,1.5 لتر,1.5 L,1500,ml,125,83.33,yes,family_pack|vegan,عبوة عائلية|نباتي,,زيت ذرة بعبوة عائلية 1.5 لتر، مناسب للقلي والطبخ.,Corn oil in a 1.5 L family bottle for frying and cooking.
P024,زيت زيتون بكر ممتاز,Extra Virgin Olive Oil,زيوت وسمن وتوابل,"Oils, Ghee & Spices",النخيل,El Nakheel,500 مل,500 ml,500,ml,230,460.0,yes,vegan,نباتي,,زيت زيتون بكر ممتاز للسلطات والأطباق الباردة.,Extra virgin olive oil for salads and cold dishes.
P025,سمن نباتي,Vegetable Ghee,زيوت وسمن وتوابل,"Oils, Ghee & Spices",واحة,Waha,1 كجم,1 kg,1000,g,95,95.0,yes,vegan,نباتي,,سمن نباتي للطبخ والحلويات والمعجنات.,"Vegetable ghee for cooking, sweets and pastries."
P026,سمن بلدي,Clarified Butter (Samna Baladi),زيوت وسمن وتوابل,"Oils, Ghee & Spices",الدلتا فارم,Delta Farm,500 جرام,500 g,500,g,210,420.0,yes,local,محلي,,سمن بلدي من الزبدة، مناسب للملوخية والفتة والكحك.,"Clarified butter ghee, ideal for molokhia, fatta and kahk."
P027,ملح طعام,Table Salt,زيوت وسمن وتوابل,"Oils, Ghee & Spices",سلة النيل,Nile Basket,700 جرام,700 g,700,g,8,11.43,yes,vegan,نباتي,,ملح طعام ناعم مناسب للاستخدام اليومي.,Fine table salt for everyday use.
P028,كمون مطحون,Ground Cumin,زيوت وسمن وتوابل,"Oils, Ghee & Spices",النخيل,El Nakheel,50 جرام,50 g,50,g,25,500.0,yes,vegan,نباتي,,كمون مطحون للفول والكشري واللحوم.,"Ground cumin for fava beans, koshari and meats."
P029,كزبرة ناشفة,Dried Coriander,زيوت وسمن وتوابل,"Oils, Ghee & Spices",النخيل,El Nakheel,50 جرام,50 g,50,g,22,440.0,yes,vegan,نباتي,,كزبرة ناشفة مطحونة لتحضير تقلية الملوخية.,Ground dried coriander for the garlic topping of molokhia.
P030,بهارات مشكلة,Mixed Spices,زيوت وسمن وتوابل,"Oils, Ghee & Spices",النخيل,El Nakheel,50 جرام,50 g,50,g,25,500.0,yes,vegan,نباتي,,خلطة بهارات للأرز والدجاج واللحوم.,"Spice mix for rice, chicken and meats."
P031,فلفل أسود مطحون,Ground Black Pepper,زيوت وسمن وتوابل,"Oils, Ghee & Spices",النخيل,El Nakheel,50 جرام,50 g,50,g,32,640.0,yes,vegan,نباتي,,فلفل أسود مطحون ناعم.,Finely ground black pepper.
P032,سكر أبيض,White Sugar,سكر وشاي وقهوة وعسل,"Sugar, Tea, Coffee & Honey",سلة النيل,Nile Basket,1 كجم,1 kg,1000,g,36,36.0,yes,best_seller|vegan|gluten_free,الأكثر مبيعا|نباتي|خالٍ من الجلوتين,,سكر أبيض ناعم للاستخدام اليومي.,Fine white sugar for everyday use.
P033,شاي أسود سائب,Loose Black Tea,سكر وشاي وقهوة وعسل,"Sugar, Tea, Coffee & Honey",نيلي,Nili,250 جرام,250 g,250,g,75,300.0,yes,best_seller|vegan,الأكثر مبيعا|نباتي,,شاي أسود سائب قوي النكهة لعمل الشاي المصري.,Strong loose black tea for Egyptian-style tea.
P034,شاي أكياس (100 كيس),Tea Bags (100),سكر وشاي وقهوة وعسل,"Sugar, Tea, Coffee & Honey",نيلي,Nili,100 قطعة,100 pcs,100,piece,70,,yes,vegan,نباتي,,علبة 100 كيس شاي أسود للاستعمال السريع.,Box of 100 black tea bags for quick use.
P035,قهوة تركي,Turkish Coffee,سكر وشاي وقهوة وعسل,"Sugar, Tea, Coffee & Honey",نيلي,Nili,200 جرام,200 g,200,g,130,650.0,yes,vegan,نباتي,,بن تركي محوج مطحون ناعم.,Finely ground Turkish coffee.
P036,قهوة سريعة الذوبان,Instant Coffee,سكر وشاي وقهوة وعسل,"Sugar, Tea, Coffee & Honey",نيلي,Nili,100 جرام,100 g,100,g,140,1400.0,yes,vegan,نباتي,,قهوة سريعة الذوبان بجودة عالية.,High-quality instant coffee.
P037,عسل نحل,Natural Bee Honey,سكر وشاي وقهوة وعسل,"Sugar, Tea, Coffee & Honey",الدلتا فارم,Delta Farm,500 جرام,500 g,500,g,190,380.0,yes,local|gluten_free,محلي|خالٍ من الجلوتين,,عسل نحل طبيعي من مناحل محلية.,Natural bee honey from local apiaries.
P038,عسل أسود,Black Honey (Molasses),سكر وشاي وقهوة وعسل,"Sugar, Tea, Coffee & Honey",الدلتا فارم,Delta Farm,400 جرام,400 g,400,g,55,137.5,yes,local|vegan,محلي|نباتي,,عسل أسود (دبس قصب) يؤكل مع الطحينة والخبز.,"Sugarcane molasses, eaten with tahini and bread."
P039,فول معلب,Canned Fava Beans,معلبات ومخللات ومربى,"Canned Food, Pickles & Spreads",الفرح,El Farah,400 جرام,400 g,400,g,18,45.0,yes,vegan,نباتي,,فول مطبوخ جاهز للتسخين والتقديم.,"Cooked fava beans, ready to heat and serve."
P040,تونة قطع,Tuna Chunks,معلبات ومخللات ومربى,"Canned Food, Pickles & Spreads",الفرح,El Farah,170 جرام,170 g,170,g,55,323.53,yes,,,,تونة قطع في زيت نباتي، مناسبة للسلطات والسندوتشات.,Tuna chunks in vegetable oil for salads and sandwiches.
P041,معجون طماطم,Tomato Paste,معلبات ومخللات ومربى,"Canned Food, Pickles & Spreads",الفرح,El Farah,400 جرام,400 g,400,g,30,75.0,yes,vegan,نباتي,,معجون طماطم مركز لإعداد الصلصات والكشري.,Concentrated tomato paste for sauces and koshari.
P042,مخلل خيار,Pickled Cucumbers,معلبات ومخللات ومربى,"Canned Food, Pickles & Spreads",الفرح,El Farah,700 جرام,700 g,700,g,38,54.29,yes,vegan,نباتي,,خيار مخلل مقرمش في الملح والخل.,Crunchy cucumbers pickled in brine.
P043,زيتون أخضر,Green Olives,معلبات ومخللات ومربى,"Canned Food, Pickles & Spreads",الفرح,El Farah,400 جرام,400 g,400,g,48,120.0,yes,vegan,نباتي,,زيتون أخضر معبأ في محلول ملحي.,Green olives packed in brine.
P044,مربى فراولة,Strawberry Jam,معلبات ومخللات ومربى,"Canned Food, Pickles & Spreads",الفرح,El Farah,350 جرام,350 g,350,g,45,128.57,yes,vegan,نباتي,,مربى فراولة للإفطار والحلويات.,Strawberry jam for breakfast and desserts.
P045,طحينة,Tahini,معلبات ومخللات ومربى,"Canned Food, Pickles & Spreads",النخيل,El Nakheel,450 جرام,450 g,450,g,85,188.89,yes,vegan|gluten_free,نباتي|خالٍ من الجلوتين,,طحينة سمسم خالصة للحمص والصلصات.,Pure sesame tahini for hummus and sauces.
P046,حلاوة طحينية,Tahini Halva,معلبات ومخللات ومربى,"Canned Food, Pickles & Spreads",النخيل,El Nakheel,350 جرام,350 g,350,g,60,171.43,yes,vegan,نباتي,,حلاوة طحينية سادة تؤكل مع الخبز.,"Plain tahini halva, eaten with bread."
P047,عيش بلدي (10 أرغفة),Baladi Bread (10 loaves),مخبوزات وإفطار,Bakery & Breakfast,سلة النيل,Nile Basket,10 قطعة,10 pcs,10,piece,20,,yes,local|fresh,محلي|طازج,,عيش بلدي طازج من فرن المتجر، 10 أرغفة.,"Fresh baladi flatbread from the store bakery, 10 loaves."
P048,عيش توست,Sliced Toast Bread,مخبوزات وإفطار,Bakery & Breakfast,سلة النيل,Nile Basket,600 جرام,600 g,600,g,38,63.33,yes,,,,عيش توست مقطع شرائح للإفطار والسندوتشات.,Sliced toast bread for breakfast and sandwiches.
P049,كورن فليكس,Corn Flakes,مخبوزات وإفطار,Bakery & Breakfast,النخيل,El Nakheel,500 جرام,500 g,500,g,95,190.0,yes,vegan,نباتي,,رقائق ذرة مقرمشة للإفطار مع اللبن.,Crunchy corn flakes for breakfast with milk.
P050,بسكويت شاي,Tea Biscuits,مخبوزات وإفطار,Bakery & Breakfast,النخيل,El Nakheel,200 جرام,200 g,200,g,15,75.0,yes,best_seller,الأكثر مبيعا,,بسكويت خفيف يؤكل مع الشاي.,Light biscuits to enjoy with tea.
P051,طماطم,Tomatoes,خضروات وفواكه طازجة,Fresh Vegetables & Fruits,سلة النيل,Nile Basket,1 كجم,1 kg,1000,g,30,30.0,yes,fresh|local|vegan,طازج|محلي|نباتي,,طماطم حمراء طازجة للسلطات والطبخ.,Fresh red tomatoes for salads and cooking.
P052,بطاطس,Potatoes,خضروات وفواكه طازجة,Fresh Vegetables & Fruits,سلة النيل,Nile Basket,1 كجم,1 kg,1000,g,28,28.0,yes,fresh|local|vegan,طازج|محلي|نباتي,,بطاطس طازجة للقلي والسلق والفرن.,"Fresh potatoes for frying, boiling and baking."
P053,بصل,Onions,خضروات وفواكه طازجة,Fresh Vegetables & Fruits,سلة النيل,Nile Basket,1 كجم,1 kg,1000,g,22,22.0,yes,fresh|local|vegan,طازج|محلي|نباتي,,بصل أحمر طازج للطبخ والتحمير.,Fresh red onions for cooking and frying.
P054,خيار,Cucumbers,خضروات وفواكه طازجة,Fresh Vegetables & Fruits,سلة النيل,Nile Basket,1 كجم,1 kg,1000,g,24,24.0,yes,fresh|local|vegan,طازج|محلي|نباتي,,خيار طازج للسلطات.,Fresh cucumbers for salads.
P055,ليمون,Lemons,خضروات وفواكه طازجة,Fresh Vegetables & Fruits,سلة النيل,Nile Basket,500 جرام,500 g,500,g,35,70.0,yes,fresh|local|vegan,طازج|محلي|نباتي,,ليمون بلدي عصيري.,Juicy local lemons.
P056,موز,Bananas,خضروات وفواكه طازجة,Fresh Vegetables & Fruits,سلة النيل,Nile Basket,1 كجم,1 kg,1000,g,45,45.0,yes,fresh|vegan,طازج|نباتي,,موز ناضج حلو المذاق.,"Ripe, sweet bananas."
P057,برتقال,Oranges,خضروات وفواكه طازجة,Fresh Vegetables & Fruits,سلة النيل,Nile Basket,1 كجم,1 kg,1000,g,28,28.0,yes,fresh|local|vegan,طازج|محلي|نباتي,,برتقال عصيري للأكل والعصير.,Juicy oranges for eating and juicing.
P058,جرجير (حزمة),Arugula (bunch),خضروات وفواكه طازجة,Fresh Vegetables & Fruits,سلة النيل,Nile Basket,1 قطعة,1 pcs,1,piece,8,,yes,fresh|local|vegan,طازج|محلي|نباتي,,حزمة جرجير طازجة.,A fresh bunch of arugula.
P059,دجاج كامل مجمد,Whole Frozen Chicken,لحوم ودواجن وأسماك مجمدة,"Frozen Meat, Poultry & Fish",الفرح,El Farah,1 كجم,1 kg,1000,g,110,110.0,yes,frozen|halal,مجمد|حلال,,دجاج كامل مجمد منظف، سعر الكيلو.,"Whole cleaned frozen chicken, priced per kilogram."
P060,صدور دجاج مجمدة,Frozen Chicken Breasts,لحوم ودواجن وأسماك مجمدة,"Frozen Meat, Poultry & Fish",الفرح,El Farah,1 كجم,1 kg,1000,g,190,190.0,yes,frozen|halal,مجمد|حلال,,صدور دجاج مجمدة بدون عظم.,Boneless frozen chicken breasts.
P061,كفتة مجمدة,Frozen Kofta,لحوم ودواجن وأسماك مجمدة,"Frozen Meat, Poultry & Fish",الفرح,El Farah,500 جرام,500 g,500,g,150,300.0,yes,frozen|halal,مجمد|حلال,,كفتة لحم مجمدة جاهزة للشوي أو القلي.,"Frozen beef kofta, ready to grill or fry."
P062,لحم بقري مفروم مجمد,Frozen Minced Beef,لحوم ودواجن وأسماك مجمدة,"Frozen Meat, Poultry & Fish",الفرح,El Farah,500 جرام,500 g,500,g,220,440.0,no,frozen|halal,مجمد|حلال,P061,لحم بقري مفروم مجمد.,Frozen minced beef.
P063,سمك بلطي مجمد,Frozen Tilapia,لحوم ودواجن وأسماك مجمدة,"Frozen Meat, Poultry & Fish",الفرح,El Farah,1 كجم,1 kg,1000,g,105,105.0,yes,frozen|halal,مجمد|حلال,,سمك بلطي مجمد منظف.,Cleaned frozen tilapia.
P064,مياه معدنية,Mineral Water,مشروبات وعصائر,Beverages & Juices,نيلي,Nili,1.5 لتر,1.5 L,1500,ml,8,5.33,yes,,,,زجاجة مياه معدنية 1.5 لتر.,1.5 L bottle of mineral water.
P065,عصير برتقال,Orange Juice,مشروبات وعصائر,Beverages & Juices,نيلي,Nili,1 لتر,1 L,1000,ml,40,40.0,yes,,,,عصير برتقال بدون مواد حافظة مضافة.,Orange juice with no added preservatives.
P066,عصير مانجو,Mango Juice,مشروبات وعصائر,Beverages & Juices,نيلي,Nili,1 لتر,1 L,1000,ml,40,40.0,yes,,,,عصير مانجو بالطعم الطبيعي.,Mango juice with natural flavor.
P067,مشروب غازي,Soft Drink,مشروبات وعصائر,Beverages & Juices,الفرح,El Farah,1 لتر,1 L,1000,ml,25,25.0,yes,,,,مشروب غازي بنكهة الكولا.,Cola-flavored soft drink.
P068,كركديه,Hibiscus (Karkade),مشروبات وعصائر,Beverages & Juices,نيلي,Nili,100 جرام,100 g,100,g,35,350.0,yes,local|vegan|sugar_free,محلي|نباتي|بدون سكر,,كركديه مجفف لتحضير المشروب المصري المشهور ساخنا أو باردا.,"Dried hibiscus for the popular Egyptian drink, hot or cold."
P069,ينسون,Anise,مشروبات وعصائر,Beverages & Juices,نيلي,Nili,100 جرام,100 g,100,g,20,200.0,yes,local|vegan|sugar_free,محلي|نباتي|بدون سكر,,ينسون مجفف لتحضير مشروب دافئ.,Dried anise for a warm herbal drink.
P070,رقائق بطاطس,Potato Chips,وجبات خفيفة ومكسرات,Snacks & Nuts,الفرح,El Farah,50 جرام,50 g,50,g,12,240.0,yes,,,,رقائق بطاطس مقرمشة بنكهة الملح.,Crispy salted potato chips.
P071,بسكويت بالشوكولاتة,Chocolate Biscuits,وجبات خفيفة ومكسرات,Snacks & Nuts,الفرح,El Farah,12 قطعة,12 pcs,12,piece,12,,yes,,,,بسكويت محشو بالشوكولاتة.,Biscuits filled with chocolate.
P072,تمر,Dates,وجبات خفيفة ومكسرات,Snacks & Nuts,النخيل,El Nakheel,500 جرام,500 g,500,g,85,170.0,yes,vegan|gluten_free,نباتي|خالٍ من الجلوتين,,تمر طري حلو المذاق.,"Soft, sweet dates."
P073,مكسرات مشكلة,Mixed Nuts,وجبات خفيفة ومكسرات,Snacks & Nuts,النخيل,El Nakheel,250 جرام,250 g,250,g,140,560.0,yes,vegan|gluten_free,نباتي|خالٍ من الجلوتين,,خليط من اللوز والكاجو والفول السوداني.,"A mix of almonds, cashews and peanuts."
P074,سائل غسيل أطباق,Dishwashing Liquid,منظفات ومستلزمات منزلية,Household,سلة النيل,Nile Basket,750 مل,750 ml,750,ml,45,60.0,yes,,,,سائل لغسيل الأطباق برائحة الليمون.,Dishwashing liquid with a lemon scent.
P075,مسحوق غسيل,Laundry Powder,منظفات ومستلزمات منزلية,Household,سلة النيل,Nile Basket,3 كجم,3 kg,3000,g,160,53.33,yes,family_pack,عبوة عائلية,,مسحوق غسيل عبوة اقتصادية 3 كجم.,Economy 3 kg laundry powder.
P076,مناديل مطبخ (6 لفات),Kitchen Paper Towels (6 rolls),منظفات ومستلزمات منزلية,Household,سلة النيل,Nile Basket,6 قطعة,6 pcs,6,piece,75,,yes,,,,6 لفات مناديل مطبخ ماصة.,Six rolls of absorbent kitchen paper towels.
P077,أكياس قمامة (30 كيسا),Trash Bags (30),منظفات ومستلزمات منزلية,Household,سلة النيل,Nile Basket,30 قطعة,30 pcs,30,piece,35,,yes,,,,30 كيس قمامة متوسط الحجم.,30 medium-sized trash bags.
